STRUCTURE,STRUCTURE_ID,STRUCTURE_NAME,ACTION,REF_AREA,,MEASURE,,UNIT_MEASURE,,TRANSFORMATION,,ADJUSTMENT,,SECTOR,,FREQ,,TIME_PERIOD,,OBS_VALUE,,OBS_STATUS,,BASE_PER,,UNIT_MULT,,DECIMALS,
DATAFLOW,OECD.SDD.TPS:DSD_OLAB@DF_OIALAB_INDIC(1.1),,I,DEU,,VAC_U,,PS,,_Z,,Y,,S1,,M,,2015-02,,533000,,A,,,,0,,0,
DATAFLOW,OECD.SDD.TPS:DSD_OLAB@DF_OIALAB_INDIC(1.1),,I,DEU,,VAC_U,,PS,,_Z,,Y,,S1,,M,,2015-03,,542000,,A,,,,0,,0,
DATAFLOW,OECD.SDD.TPS:DSD_OLAB@DF_OIALAB_INDIC(1.1),,I,DEU,,VAC_U,,PS,,_Z,,Y,,S1,,M,,1991-04,,306260.3,,A,,,,0,,0,
DATAFLOW,OECD.SDD.TPS:DSD_OLAB@DF_OIALAB_INDIC(1.1),,I,DEU,,VAC_U,,PS,,_Z,,Y,,S1,,M,,1991-05,,309711.1,,A,,,,0,,0,
DATAFLOW,OECD.SDD.TPS:DSD_OLAB@DF_OIALAB_INDIC(1.1),,I,DEU,,VAC_U,,PS,,_Z,,Y,,S1,,M,,1991-06,,316612.7,,A,,,,0,,0,
DATAFLOW,OECD.SDD.TPS:DSD_OLAB@DF_OIALAB_INDIC(1.1),,I,DEU,,VAC_U,,PS,,_Z,,Y,,S1,,M,,2014-02,,469000,,A,,,,0,,0,
DATAFLOW,OECD.SDD.TPS:DSD_OLAB@DF_OIALAB_INDIC(1.1),,I,DEU,,VAC_U,,PS,,_Z,,Y,,S1,,M,,2014-03,,473000,,A,,,,0,,0,
DATAFLOW,OECD.SDD.TPS:DSD_OLAB@DF_OIALAB_INDIC(1.1),,I,DEU,,VAC_U,,PS,,_Z,,Y,,S1,,M,,2014-04,,479000,,A,,,,0,,0,
DATAFLOW,OECD.SDD.TPS:DSD_OLAB@DF_OIALAB_INDIC(1.1),,I,DEU,,VAC_U,,PS,,_Z,,Y,,S1,,M,,1991-12,,332141.4,,A,,,,0,,0,
DATAFLOW,OECD.SDD.TPS:DSD_OLAB@DF_OIALAB_INDIC(1.1),,I,DEU,,VAC_U,,PS,,_Z,,Y,,S1,,M,,1992-01,,332141.4,,A,,,,0,,0,
DATAFLOW,OECD.SDD.TPS:DSD_OLAB@DF_OIALAB_INDIC(1.1),,I,DEU,,VAC_U,,PS,,_Z,,Y,,S1,,M,,1992-02,,318338.1,,A,,,,0,,0,
DATAFLOW,OECD.SDD.TPS:DSD_OLAB@DF_OIALAB_INDIC(1.1),,I,DEU,,VAC_U,,PS,,_Z,,Y,,S1,,M,,1992-03,,318338.1,,A,,,,0,,0,
DATAFLOW,OECD.SDD.TPS:DSD_OLAB@DF_OIALAB_INDIC(1.1),,I,DEU,,VAC_U,,PS,,_Z,,Y,,S1,,M,,1992-04,,310573.8,,A,,,,0,,0,
DATAFLOW,OECD.SDD.TPS:DSD_OLAB@DF_OIALAB_INDIC(1.1),,I,DEU,,VAC_U,,PS,,_Z,,Y,,S1,,M,,1992-05,,306260.3,,A,,,,0,,0,
DATAFLOW,OECD.SDD.TPS:DSD_OLAB@DF_OIALAB_INDIC(1.1),,I,DEU,,VAC_U,,PS,,_Z,,Y,,S1,,M,,1992-06,,302809.4,,A,,,,0,,0,
DATAFLOW,OECD.SDD.TPS:DSD_OLAB@DF_OIALAB_INDIC(1.1),,I,DEU,,VAC_U,,PS,,_Z,,Y,,S1,,M,,1992-07,,297633.2,,A,,,,0,,0,
DATAFLOW,OECD.SDD.TPS:DSD_OLAB@DF_OIALAB_INDIC(1.1),,I,DEU,,VAC_U,,PS,,_Z,,Y,,S1,,M,,1992-08,,298495.9,,A,,,,0,,0,
DATAFLOW,OECD.SDD.TPS:DSD_OLAB@DF_OIALAB_INDIC(1.1),,I,DEU,,VAC_U,,PS,,_Z,,Y,,S1,,M,,1992-09,,300221.3,,A,,,,0,,0,
DATAFLOW,OECD.SDD.TPS:DSD_OLAB@DF_OIALAB_INDIC(1.1),,I,DEU,,VAC_U,,PS,,_Z,,Y,,S1,,M,,1992-10,,307122.9,,A,,,,0,,0,
DATAFLOW,OECD.SDD.TPS:DSD_OLAB@DF_OIALAB_INDIC(1.1),,I,DEU,,VAC_U,,PS,,_Z,,Y,,S1,,M,,2003-06,,262000,,A,,,,0,,0,
DATAFLOW,OECD.SDD.TPS:DSD_OLAB@DF_OIALAB_INDIC(1.1),,I,DEU,,VAC_U,,PS,,_Z,,Y,,S1,,M,,1991-02,,297633.2,,A,,,,0,,0,
DATAFLOW,OECD.SDD.TPS:DSD_OLAB@DF_OIALAB_INDIC(1.1),,I,DEU,,VAC_U,,PS,,_Z,,Y,,S1,,M,,1991-03,,301946.7,,A,,,,0,,0,
DATAFLOW,OECD.SDD.TPS:DSD_OLAB@DF_OIALAB_INDIC(1.1),,I,DEU,,VAC_U,,PS,,_Z,,Y,,S1,,M,,1993-08,,238106.6,,A,,,,0,,0,
DATAFLOW,OECD.SDD.TPS:DSD_OLAB@DF_OIALAB_INDIC(1.1),,I,DEU,,VAC_U,,PS,,_Z,,Y,,S1,,M,,1993-09,,228616.8,,A,,,,0,,0,
DATAFLOW,OECD.SDD.TPS:DSD_OLAB@DF_OIALAB_INDIC(1.1),,I,DEU,,VAC_U,,PS,,_Z,,Y,,S1,,M,,1993-10,,226028.7,,A,,,,0,,0,
DATAFLOW,OECD.SDD.TPS:DSD_OLAB@DF_OIALAB_INDIC(1.1),,I,DEU,,VAC_U,,PS,,_Z,,Y,,S1,,M,,1993-11,,229479.5,,A,,,,0,,0,
DATAFLOW,OECD.SDD.TPS:DSD_OLAB@DF_OIALAB_INDIC(1.1),,I,DEU,,VAC_U,,PS,,_Z,,Y,,S1,,M,,1993-12,,227754.1,,A,,,,0,,0,
DATAFLOW,OECD.SDD.TPS:DSD_OLAB@DF_OIALAB_INDIC(1.1),,I,DEU,,VAC_U,,PS,,_Z,,Y,,S1,,M,,1994-01,,227754.1,,A,,,,0,,0,
DATAFLOW,OECD.SDD.TPS:DSD_OLAB@DF_OIALAB_INDIC(1.1),,I,DEU,,VAC_U,,PS,,_Z,,Y,,S1,,M,,1994-02,,232067.6,,A,,,,0,,0,
DATAFLOW,OECD.SDD.TPS:DSD_OLAB@DF_OIALAB_INDIC(1.1),,I,DEU,,VAC_U,,PS,,_Z,,Y,,S1,,M,,1994-03,,232930.3,,A,,,,0,,0,
DATAFLOW,OECD.SDD.TPS:DSD_OLAB@DF_OIALAB_INDIC(1.1),,I,DEU,,VAC_U,,PS,,_Z,,Y,,S1,,M,,1994-04,,232930.3,,A,,,,0,,0,
DATAFLOW,OECD.SDD.TPS:DSD_OLAB@DF_OIALAB_INDIC(1.1),,I,DEU,,VAC_U,,PS,,_Z,,Y,,S1,,M,,1994-05,,232930.3,,A,,,,0,,0,
DATAFLOW,OECD.SDD.TPS:DSD_OLAB@DF_OIALAB_INDIC(1.1),,I,DEU,,VAC_U,,PS,,_Z,,Y,,S1,,M,,1994-06,,235518.4,,A,,,,0,,0,
DATAFLOW,OECD.SDD.TPS:DSD_OLAB@DF_OIALAB_INDIC(1.1),,I,DEU,,VAC_U,,PS,,_Z,,Y,,S1,,M,,1994-07,,243282.8,,A,,,,0,,0,
DATAFLOW,OECD.SDD.TPS:DSD_OLAB@DF_OIALAB_INDIC(1.1),,I,DEU,,VAC_U,,PS,,_Z,,Y,,S1,,M,,1994-08,,251047.1,,A,,,,0,,0,
DATAFLOW,OECD.SDD.TPS:DSD_OLAB@DF_OIALAB_INDIC(1.1),,I,DEU,,VAC_U,,PS,,_Z,,Y,,S1,,M,,1994-09,,262262.3,,A,,,,0,,0,
DATAFLOW,OECD.SDD.TPS:DSD_OLAB@DF_OIALAB_INDIC(1.1),,I,DEU,,VAC_U,,PS,,_Z,,Y,,S1,,M,,1994-10,,277791,,A,,,,0,,0,
DATAFLOW,OECD.SDD.TPS:DSD_OLAB@DF_OIALAB_INDIC(1.1),,I,DEU,,VAC_U,,PS,,_Z,,Y,,S1,,M,,1994-11,,276928.3,,A,,,,0,,0,
DATAFLOW,OECD.SDD.TPS:DSD_OLAB@DF_OIALAB_INDIC(1.1),,I,DEU,,VAC_U,,PS,,_Z,,Y,,S1,,M,,1994-12,,276065.6,,A,,,,0,,0,
DATAFLOW,OECD.SDD.TPS:DSD_OLAB@DF_OIALAB_INDIC(1.1),,I,DEU,,VAC_U,,PS,,_Z,,Y,,S1,,M,,1995-01,,278653.7,,A,,,,0,,0,
DATAFLOW,OECD.SDD.TPS:DSD_OLAB@DF_OIALAB_INDIC(1.1),,I,DEU,,VAC_U,,PS,,_Z,,Y,,S1,,M,,1995-02,,279516.4,,A,,,,0,,0,
DATAFLOW,OECD.SDD.TPS:DSD_OLAB@DF_OIALAB_INDIC(1.1),,I,DEU,,VAC_U,,PS,,_Z,,Y,,S1,,M,,1995-03,,282967.2,,A,,,,0,,0,
DATAFLOW,OECD.SDD.TPS:DSD_OLAB@DF_OIALAB_INDIC(1.1),,I,DEU,,VAC_U,,PS,,_Z,,Y,,S1,,M,,1995-04,,282104.5,,A,,,,0,,0,
DATAFLOW,OECD.SDD.TPS:DSD_OLAB@DF_OIALAB_INDIC(1.1),,I,DEU,,VAC_U,,PS,,_Z,,Y,,S1,,M,,1995-05,,281241.8,,A,,,,0,,0,
DATAFLOW,OECD.SDD.TPS:DSD_OLAB@DF_OIALAB_INDIC(1.1),,I,DEU,,VAC_U,,PS,,_Z,,Y,,S1,,M,,1995-06,,276928.3,,A,,,,0,,0,
DATAFLOW,OECD.SDD.TPS:DSD_OLAB@DF_OIALAB_INDIC(1.1),,I,DEU,,VAC_U,,PS,,_Z,,Y,,S1,,M,,1995-07,,277791,,A,,,,0,,0,
DATAFLOW,OECD.SDD.TPS:DSD_OLAB@DF_OIALAB_INDIC(1.1),,I,DEU,,VAC_U,,PS,,_Z,,Y,,S1,,M,,1995-08,,275202.9,,A,,,,0,,0,
DATAFLOW,OECD.SDD.TPS:DSD_OLAB@DF_OIALAB_INDIC(1.1),,I,DEU,,VAC_U,,PS,,_Z,,Y,,S1,,M,,1995-09,,272614.8,,A,,,,0,,0,
DATAFLOW,OECD.SDD.TPS:DSD_OLAB@DF_OIALAB_INDIC(1.1),,I,DEU,,VAC_U,,PS,,_Z,,Y,,S1,,M,,1991-07,,322651.6,,A,,,,0,,0,
DATAFLOW,OECD.SDD.TPS:DSD_OLAB@DF_OIALAB_INDIC(1.1),,I,DEU,,VAC_U,,PS,,_Z,,Y,,S1,,M,,2014-06,,486000,,A,,,,0,,0,
DATAFLOW,OECD.SDD.TPS:DSD_OLAB@DF_OIALAB_INDIC(1.1),,I,DEU,,VAC_U,,PS,,_Z,,Y,,S1,,M,,1991-10,,322651.6,,A,,,,0,,0,
DATAFLOW,OECD.SDD.TPS:DSD_OLAB@DF_OIALAB_INDIC(1.1),,I,DEU,,VAC_U,,PS,,_Z,,Y,,S1,,M,,1991-11,,318338.1,,A,,,,0,,0,
DATAFLOW,OECD.SDD.TPS:DSD_OLAB@DF_OIALAB_INDIC(1.1),,I,DEU,,VAC_U,,PS,,_Z,,Y,,S1,,M,,1997-02,,288143.4,,A,,,,0,,0,
DATAFLOW,OECD.SDD.TPS:DSD_OLAB@DF_OIALAB_INDIC(1.1),,I,DEU,,VAC_U,,PS,,_Z,,Y,,S1,,M,,1997-03,,288143.4,,A,,,,0,,0,
DATAFLOW,OECD.SDD.TPS:DSD_OLAB@DF_OIALAB_INDIC(1.1),,I,DEU,,VAC_U,,PS,,_Z,,Y,,S1,,M,,1997-04,,277791,,A,,,,0,,0,
DATAFLOW,OECD.SDD.TPS:DSD_OLAB@DF_OIALAB_INDIC(1.1),,I,DEU,,VAC_U,,PS,,_Z,,Y,,S1,,M,,1997-05,,282104.5,,A,,,,0,,0,
DATAFLOW,OECD.SDD.TPS:DSD_OLAB@DF_OIALAB_INDIC(1.1),,I,DEU,,VAC_U,,PS,,_Z,,Y,,S1,,M,,1997-06,,286418,,A,,,,0,,0,
DATAFLOW,OECD.SDD.TPS:DSD_OLAB@DF_OIALAB_INDIC(1.1),,I,DEU,,VAC_U,,PS,,_Z,,Y,,S1,,M,,1997-07,,287280.8,,A,,,,0,,0,
DATAFLOW,OECD.SDD.TPS:DSD_OLAB@DF_OIALAB_INDIC(1.1),,I,DEU,,VAC_U,,PS,,_Z,,Y,,S1,,M,,1997-08,,294182.4,,A,,,,0,,0,
DATAFLOW,OECD.SDD.TPS:DSD_OLAB@DF_OIALAB_INDIC(1.1),,I,DEU,,VAC_U,,PS,,_Z,,Y,,S1,,M,,1997-09,,295907.8,,A,,,,0,,0,
DATAFLOW,OECD.SDD.TPS:DSD_OLAB@DF_OIALAB_INDIC(1.1),,I,DEU,,VAC_U,,PS,,_Z,,Y,,S1,,M,,1997-10,,299358.6,,A,,,,0,,0,
DATAFLOW,OECD.SDD.TPS:DSD_OLAB@DF_OIALAB_INDIC(1.1),,I,DEU,,VAC_U,,PS,,_Z,,Y,,S1,,M,,1997-11,,309711.1,,A,,,,0,,0,
DATAFLOW,OECD.SDD.TPS:DSD_OLAB@DF_OIALAB_INDIC(1.1),,I,DEU,,VAC_U,,PS,,_Z,,Y,,S1,,M,,1997-12,,323514.3,,A,,,,0,,0,
DATAFLOW,OECD.SDD.TPS:DSD_OLAB@DF_OIALAB_INDIC(1.1),,I,DEU,,VAC_U,,PS,,_Z,,Y,,S1,,M,,1998-01,,326102.5,,A,,,,0,,0,
DATAFLOW,OECD.SDD.TPS:DSD_OLAB@DF_OIALAB_INDIC(1.1),,I,DEU,,VAC_U,,PS,,_Z,,Y,,S1,,M,,1998-02,,335592.2,,A,,,,0,,0,
DATAFLOW,OECD.SDD.TPS:DSD_OLAB@DF_OIALAB_INDIC(1.1),,I,DEU,,VAC_U,,PS,,_Z,,Y,,S1,,M,,1998-03,,346807.4,,A,,,,0,,0,
DATAFLOW,OECD.SDD.TPS:DSD_OLAB@DF_OIALAB_INDIC(1.1),,I,DEU,,VAC_U,,PS,,_Z,,Y,,S1,,M,,1998-04,,358022.5,,A,,,,0,,0,
DATAFLOW,OECD.SDD.TPS:DSD_OLAB@DF_OIALAB_INDIC(1.1),,I,DEU,,VAC_U,,PS,,_Z,,Y,,S1,,M,,1998-05,,377864.8,,A,,,,0,,0,
DATAFLOW,OECD.SDD.TPS:DSD_OLAB@DF_OIALAB_INDIC(1.1),,I,DEU,,VAC_U,,PS,,_Z,,Y,,S1,,M,,1998-06,,377864.8,,A,,,,0,,0,
DATAFLOW,OECD.SDD.TPS:DSD_OLAB@DF_OIALAB_INDIC(1.1),,I,DEU,,VAC_U,,PS,,_Z,,Y,,S1,,M,,1998-07,,378727.5,,A,,,,0,,0,
DATAFLOW,OECD.SDD.TPS:DSD_OLAB@DF_OIALAB_INDIC(1.1),,I,DEU,,VAC_U,,PS,,_Z,,Y,,S1,,M,,1998-08,,384766.4,,A,,,,0,,0,
DATAFLOW,OECD.SDD.TPS:DSD_OLAB@DF_OIALAB_INDIC(1.1),,I,DEU,,VAC_U,,PS,,_Z,,Y,,S1,,M,,1998-09,,379590.2,,A,,,,0,,0,
DATAFLOW,OECD.SDD.TPS:DSD_OLAB@DF_OIALAB_INDIC(1.1),,I,DEU,,VAC_U,,PS,,_Z,,Y,,S1,,M,,1998-10,,376139.3,,A,,,,0,,0,
DATAFLOW,OECD.SDD.TPS:DSD_OLAB@DF_OIALAB_INDIC(1.1),,I,DEU,,VAC_U,,PS,,_Z,,Y,,S1,,M,,1998-11,,371825.8,,A,,,,0,,0,
DATAFLOW,OECD.SDD.TPS:DSD_OLAB@DF_OIALAB_INDIC(1.1),,I,DEU,,VAC_U,,PS,,_Z,,Y,,S1,,M,,1998-12,,366649.6,,A,,,,0,,0,
DATAFLOW,OECD.SDD.TPS:DSD_OLAB@DF_OIALAB_INDIC(1.1),,I,DEU,,VAC_U,,PS,,_Z,,Y,,S1,,M,,1999-01,,380452.9,,A,,,,0,,0,
DATAFLOW,OECD.SDD.TPS:DSD_OLAB@DF_OIALAB_INDIC(1.1),,I,DEU,,VAC_U,,PS,,_Z,,Y,,S1,,M,,1999-02,,382178.3,,A,,,,0,,0,
DATAFLOW,OECD.SDD.TPS:DSD_OLAB@DF_OIALAB_INDIC(1.1),,I,DEU,,VAC_U,,PS,,_Z,,Y,,S1,,M,,1999-03,,386491.8,,A,,,,0,,0,
DATAFLOW,OECD.SDD.TPS:DSD_OLAB@DF_OIALAB_INDIC(1.1),,I,DEU,,VAC_U,,PS,,_Z,,Y,,S1,,M,,1999-04,,387354.5,,A,,,,0,,0,
DATAFLOW,OECD.SDD.TPS:DSD_OLAB@DF_OIALAB_INDIC(1.1),,I,DEU,,VAC_U,,PS,,_Z,,Y,,S1,,M,,1999-05,,389079.9,,A,,,,0,,0,
DATAFLOW,OECD.SDD.TPS:DSD_OLAB@DF_OIALAB_INDIC(1.1),,I,DEU,,VAC_U,,PS,,_Z,,Y,,S1,,M,,1999-06,,387354.5,,A,,,,0,,0,
DATAFLOW,OECD.SDD.TPS:DSD_OLAB@DF_OIALAB_INDIC(1.1),,I,DEU,,VAC_U,,PS,,_Z,,Y,,S1,,M,,1999-07,,393393.4,,A,,,,0,,0,
DATAFLOW,OECD.SDD.TPS:DSD_OLAB@DF_OIALAB_INDIC(1.1),,I,DEU,,VAC_U,,PS,,_Z,,Y,,S1,,M,,1999-08,,396844.3,,A,,,,0,,0,
DATAFLOW,OECD.SDD.TPS:DSD_OLAB@DF_OIALAB_INDIC(1.1),,I,DEU,,VAC_U,,PS,,_Z,,Y,,S1,,M,,1999-09,,403745.9,,A,,,,0,,0,
DATAFLOW,OECD.SDD.TPS:DSD_OLAB@DF_OIALAB_INDIC(1.1),,I,DEU,,VAC_U,,PS,,_Z,,Y,,S1,,M,,1999-10,,411510.3,,A,,,,0,,0,
DATAFLOW,OECD.SDD.TPS:DSD_OLAB@DF_OIALAB_INDIC(1.1),,I,DEU,,VAC_U,,PS,,_Z,,Y,,S1,,M,,1999-12,,420000,,A,,,,0,,0,
DATAFLOW,OECD.SDD.TPS:DSD_OLAB@DF_OIALAB_INDIC(1.1),,I,DEU,,VAC_U,,PS,,_Z,,Y,,S1,,M,,2000-01,,426000,,A,,,,0,,0,
DATAFLOW,OECD.SDD.TPS:DSD_OLAB@DF_OIALAB_INDIC(1.1),,I,DEU,,VAC_U,,PS,,_Z,,Y,,S1,,M,,2000-02,,432000,,A,,,,0,,0,
DATAFLOW,OECD.SDD.TPS:DSD_OLAB@DF_OIALAB_INDIC(1.1),,I,DEU,,VAC_U,,PS,,_Z,,Y,,S1,,M,,2000-03,,433000,,A,,,,0,,0,
DATAFLOW,OECD.SDD.TPS:DSD_OLAB@DF_OIALAB_INDIC(1.1),,I,DEU,,VAC_U,,PS,,_Z,,Y,,S1,,M,,2000-04,,442000,,A,,,,0,,0,
DATAFLOW,OECD.SDD.TPS:DSD_OLAB@DF_OIALAB_INDIC(1.1),,I,DEU,,VAC_U,,PS,,_Z,,Y,,S1,,M,,2000-05,,454000,,A,,,,0,,0,
DATAFLOW,OECD.SDD.TPS:DSD_OLAB@DF_OIALAB_INDIC(1.1),,I,DEU,,VAC_U,,PS,,_Z,,Y,,S1,,M,,2000-06,,455000,,A,,,,0,,0,
DATAFLOW,OECD.SDD.TPS:DSD_OLAB@DF_OIALAB_INDIC(1.1),,I,DEU,,VAC_U,,PS,,_Z,,Y,,S1,,M,,2000-07,,459000,,A,,,,0,,0,
DATAFLOW,OECD.SDD.TPS:DSD_OLAB@DF_OIALAB_INDIC(1.1),,I,DEU,,VAC_U,,PS,,_Z,,Y,,S1,,M,,2000-08,,457000,,A,,,,0,,0,
DATAFLOW,OECD.SDD.TPS:DSD_OLAB@DF_OIALAB_INDIC(1.1),,I,DEU,,VAC_U,,PS,,_Z,,Y,,S1,,M,,2000-09,,459000,,A,,,,0,,0,
DATAFLOW,OECD.SDD.TPS:DSD_OLAB@DF_OIALAB_INDIC(1.1),,I,DEU,,VAC_U,,PS,,_Z,,Y,,S1,,M,,2000-10,,463000,,A,,,,0,,0,
DATAFLOW,OECD.SDD.TPS:DSD_OLAB@DF_OIALAB_INDIC(1.1),,I,DEU,,VAC_U,,PS,,_Z,,Y,,S1,,M,,2000-11,,471000,,A,,,,0,,0,
DATAFLOW,OECD.SDD.TPS:DSD_OLAB@DF_OIALAB_INDIC(1.1),,I,DEU,,VAC_U,,PS,,_Z,,Y,,S1,,M,,2000-12,,476000,,A,,,,0,,0,
DATAFLOW,OECD.SDD.TPS:DSD_OLAB@DF_OIALAB_INDIC(1.1),,I,DEU,,VAC_U,,PS,,_Z,,Y,,S1,,M,,2001-01,,468000,,A,,,,0,,0,
DATAFLOW,OECD.SDD.TPS:DSD_OLAB@DF_OIALAB_INDIC(1.1),,I,DEU,,VAC_U,,PS,,_Z,,Y,,S1,,M,,2001-02,,460000,,A,,,,0,,0,
DATAFLOW,OECD.SDD.TPS:DSD_OLAB@DF_OIALAB_INDIC(1.1),,I,DEU,,VAC_U,,PS,,_Z,,Y,,S1,,M,,2001-03,,454000,,A,,,,0,,0,
DATAFLOW,OECD.SDD.TPS:DSD_OLAB@DF_OIALAB_INDIC(1.1),,I,DEU,,VAC_U,,PS,,_Z,,Y,,S1,,M,,2001-04,,444000,,A,,,,0,,0,
DATAFLOW,OECD.SDD.TPS:DSD_OLAB@DF_OIALAB_INDIC(1.1),,I,DEU,,VAC_U,,PS,,_Z,,Y,,S1,,M,,2001-05,,436000,,A,,,,0,,0,
DATAFLOW,OECD.SDD.TPS:DSD_OLAB@DF_OIALAB_INDIC(1.1),,I,DEU,,VAC_U,,PS,,_Z,,Y,,S1,,M,,2001-06,,433000,,A,,,,0,,0,
DATAFLOW,OECD.SDD.TPS:DSD_OLAB@DF_OIALAB_INDIC(1.1),,I,DEU,,VAC_U,,PS,,_Z,,Y,,S1,,M,,2001-07,,426000,,A,,,,0,,0,
DATAFLOW,OECD.SDD.TPS:DSD_OLAB@DF_OIALAB_INDIC(1.1),,I,DEU,,VAC_U,,PS,,_Z,,Y,,S1,,M,,2001-08,,422000,,A,,,,0,,0,
DATAFLOW,OECD.SDD.TPS:DSD_OLAB@DF_OIALAB_INDIC(1.1),,I,DEU,,VAC_U,,PS,,_Z,,Y,,S1,,M,,2001-09,,418000,,A,,,,0,,0,
DATAFLOW,OECD.SDD.TPS:DSD_OLAB@DF_OIALAB_INDIC(1.1),,I,DEU,,VAC_U,,PS,,_Z,,Y,,S1,,M,,2001-10,,410000,,A,,,,0,,0,
DATAFLOW,OECD.SDD.TPS:DSD_OLAB@DF_OIALAB_INDIC(1.1),,I,DEU,,VAC_U,,PS,,_Z,,Y,,S1,,M,,1992-11,,293319.7,,A,,,,0,,0,
DATAFLOW,OECD.SDD.TPS:DSD_OLAB@DF_OIALAB_INDIC(1.1),,I,DEU,,VAC_U,,PS,,_Z,,Y,,S1,,M,,1992-12,,278653.7,,A,,,,0,,0,
DATAFLOW,OECD.SDD.TPS:DSD_OLAB@DF_OIALAB_INDIC(1.1),,I,DEU,,VAC_U,,PS,,_Z,,Y,,S1,,M,,1991-01,,303672.1,,A,,,,0,,0,
DATAFLOW,OECD.SDD.TPS:DSD_OLAB@DF_OIALAB_INDIC(1.1),,I,DEU,,VAC_U,,PS,,_Z,,Y,,S1,,M,,1993-05,,243282.8,,A,,,,0,,0,
DATAFLOW,OECD.SDD.TPS:DSD_OLAB@DF_OIALAB_INDIC(1.1),,I,DEU,,VAC_U,,PS,,_Z,,Y,,S1,,M,,1993-06,,244145.5,,A,,,,0,,0,
DATAFLOW,OECD.SDD.TPS:DSD_OLAB@DF_OIALAB_INDIC(1.1),,I,DEU,,VAC_U,,PS,,_Z,,Y,,S1,,M,,1993-07,,240694.7,,A,,,,0,,0,
DATAFLOW,OECD.SDD.TPS:DSD_OLAB@DF_OIALAB_INDIC(1.1),,I,DEU,,VAC_U,,PS,,_Z,,Y,,S1,,M,,2004-05,,205000,,A,,,,0,,0,
DATAFLOW,OECD.SDD.TPS:DSD_OLAB@DF_OIALAB_INDIC(1.1),,I,DEU,,VAC_U,,PS,,_Z,,Y,,S1,,M,,2004-06,,209000,,A,,,,0,,0,
DATAFLOW,OECD.SDD.TPS:DSD_OLAB@DF_OIALAB_INDIC(1.1),,I,DEU,,VAC_U,,PS,,_Z,,Y,,S1,,M,,2004-07,,204000,,A,,,,0,,0,
DATAFLOW,OECD.SDD.TPS:DSD_OLAB@DF_OIALAB_INDIC(1.1),,I,DEU,,VAC_U,,PS,,_Z,,Y,,S1,,M,,2004-08,,205000,,A,,,,0,,0,
DATAFLOW,OECD.SDD.TPS:DSD_OLAB@DF_OIALAB_INDIC(1.1),,I,DEU,,VAC_U,,PS,,_Z,,Y,,S1,,M,,2004-09,,201000,,A,,,,0,,0,
DATAFLOW,OECD.SDD.TPS:DSD_OLAB@DF_OIALAB_INDIC(1.1),,I,DEU,,VAC_U,,PS,,_Z,,Y,,S1,,M,,2004-10,,202000,,A,,,,0,,0,
DATAFLOW,OECD.SDD.TPS:DSD_OLAB@DF_OIALAB_INDIC(1.1),,I,DEU,,VAC_U,,PS,,_Z,,Y,,S1,,M,,2004-11,,201000,,A,,,,0,,0,
DATAFLOW,OECD.SDD.TPS:DSD_OLAB@DF_OIALAB_INDIC(1.1),,I,DEU,,VAC_U,,PS,,_Z,,Y,,S1,,M,,2004-12,,204000,,A,,,,0,,0,
DATAFLOW,OECD.SDD.TPS:DSD_OLAB@DF_OIALAB_INDIC(1.1),,I,DEU,,VAC_U,,PS,,_Z,,Y,,S1,,M,,2005-01,,214000,,A,,,,0,,0,
DATAFLOW,OECD.SDD.TPS:DSD_OLAB@DF_OIALAB_INDIC(1.1),,I,DEU,,VAC_U,,PS,,_Z,,Y,,S1,,M,,2005-02,,219000,,A,,,,0,,0,
DATAFLOW,OECD.SDD.TPS:DSD_OLAB@DF_OIALAB_INDIC(1.1),,I,DEU,,VAC_U,,PS,,_Z,,Y,,S1,,M,,2005-03,,228000,,A,,,,0,,0,
DATAFLOW,OECD.SDD.TPS:DSD_OLAB@DF_OIALAB_INDIC(1.1),,I,DEU,,VAC_U,,PS,,_Z,,Y,,S1,,M,,2005-04,,236000,,A,,,,0,,0,
DATAFLOW,OECD.SDD.TPS:DSD_OLAB@DF_OIALAB_INDIC(1.1),,I,DEU,,VAC_U,,PS,,_Z,,Y,,S1,,M,,2005-05,,246000,,A,,,,0,,0,
DATAFLOW,OECD.SDD.TPS:DSD_OLAB@DF_OIALAB_INDIC(1.1),,I,DEU,,VAC_U,,PS,,_Z,,Y,,S1,,M,,2005-06,,253000,,A,,,,0,,0,
DATAFLOW,OECD.SDD.TPS:DSD_OLAB@DF_OIALAB_INDIC(1.1),,I,DEU,,VAC_U,,PS,,_Z,,Y,,S1,,M,,2005-07,,261000,,A,,,,0,,0,
DATAFLOW,OECD.SDD.TPS:DSD_OLAB@DF_OIALAB_INDIC(1.1),,I,DEU,,VAC_U,,PS,,_Z,,Y,,S1,,M,,2005-08,,269000,,A,,,,0,,0,
DATAFLOW,OECD.SDD.TPS:DSD_OLAB@DF_OIALAB_INDIC(1.1),,I,DEU,,VAC_U,,PS,,_Z,,Y,,S1,,M,,2005-09,,277000,,A,,,,0,,0,
DATAFLOW,OECD.SDD.TPS:DSD_OLAB@DF_OIALAB_INDIC(1.1),,I,DEU,,VAC_U,,PS,,_Z,,Y,,S1,,M,,2005-10,,285000,,A,,,,0,,0,
DATAFLOW,OECD.SDD.TPS:DSD_OLAB@DF_OIALAB_INDIC(1.1),,I,DEU,,VAC_U,,PS,,_Z,,Y,,S1,,M,,2005-11,,285000,,A,,,,0,,0,
DATAFLOW,OECD.SDD.TPS:DSD_OLAB@DF_OIALAB_INDIC(1.1),,I,DEU,,VAC_U,,PS,,_Z,,Y,,S1,,M,,2005-12,,288000,,A,,,,0,,0,
DATAFLOW,OECD.SDD.TPS:DSD_OLAB@DF_OIALAB_INDIC(1.1),,I,DEU,,VAC_U,,PS,,_Z,,Y,,S1,,M,,2006-01,,293000,,A,,,,0,,0,
DATAFLOW,OECD.SDD.TPS:DSD_OLAB@DF_OIALAB_INDIC(1.1),,I,DEU,,VAC_U,,PS,,_Z,,Y,,S1,,M,,2006-02,,301000,,A,,,,0,,0,
DATAFLOW,OECD.SDD.TPS:DSD_OLAB@DF_OIALAB_INDIC(1.1),,I,DEU,,VAC_U,,PS,,_Z,,Y,,S1,,M,,2006-03,,309000,,A,,,,0,,0,
DATAFLOW,OECD.SDD.TPS:DSD_OLAB@DF_OIALAB_INDIC(1.1),,I,DEU,,VAC_U,,PS,,_Z,,Y,,S1,,M,,2006-04,,322000,,A,,,,0,,0,
DATAFLOW,OECD.SDD.TPS:DSD_OLAB@DF_OIALAB_INDIC(1.1),,I,DEU,,VAC_U,,PS,,_Z,,Y,,S1,,M,,2006-05,,339000,,A,,,,0,,0,
DATAFLOW,OECD.SDD.TPS:DSD_OLAB@DF_OIALAB_INDIC(1.1),,I,DEU,,VAC_U,,PS,,_Z,,Y,,S1,,M,,2006-06,,349000,,A,,,,0,,0,
DATAFLOW,OECD.SDD.TPS:DSD_OLAB@DF_OIALAB_INDIC(1.1),,I,DEU,,VAC_U,,PS,,_Z,,Y,,S1,,M,,2006-07,,362000,,A,,,,0,,0,
DATAFLOW,OECD.SDD.TPS:DSD_OLAB@DF_OIALAB_INDIC(1.1),,I,DEU,,VAC_U,,PS,,_Z,,Y,,S1,,M,,2006-08,,373000,,A,,,,0,,0,
DATAFLOW,OECD.SDD.TPS:DSD_OLAB@DF_OIALAB_INDIC(1.1),,I,DEU,,VAC_U,,PS,,_Z,,Y,,S1,,M,,2006-09,,381000,,A,,,,0,,0,
DATAFLOW,OECD.SDD.TPS:DSD_OLAB@DF_OIALAB_INDIC(1.1),,I,DEU,,VAC_U,,PS,,_Z,,Y,,S1,,M,,2006-10,,392000,,A,,,,0,,0,
DATAFLOW,OECD.SDD.TPS:DSD_OLAB@DF_OIALAB_INDIC(1.1),,I,DEU,,VAC_U,,PS,,_Z,,Y,,S1,,M,,2006-11,,402000,,A,,,,0,,0,
DATAFLOW,OECD.SDD.TPS:DSD_OLAB@DF_OIALAB_INDIC(1.1),,I,DEU,,VAC_U,,PS,,_Z,,Y,,S1,,M,,2006-12,,417000,,A,,,,0,,0,
DATAFLOW,OECD.SDD.TPS:DSD_OLAB@DF_OIALAB_INDIC(1.1),,I,DEU,,VAC_U,,PS,,_Z,,Y,,S1,,M,,2007-01,,424000,,A,,,,0,,0,
DATAFLOW,OECD.SDD.TPS:DSD_OLAB@DF_OIALAB_INDIC(1.1),,I,DEU,,VAC_U,,PS,,_Z,,Y,,S1,,M,,2007-02,,432000,,A,,,,0,,0,
DATAFLOW,OECD.SDD.TPS:DSD_OLAB@DF_OIALAB_INDIC(1.1),,I,DEU,,VAC_U,,PS,,_Z,,Y,,S1,,M,,2007-03,,434000,,A,,,,0,,0,
DATAFLOW,OECD.SDD.TPS:DSD_OLAB@DF_OIALAB_INDIC(1.1),,I,DEU,,VAC_U,,PS,,_Z,,Y,,S1,,M,,2007-04,,436000,,A,,,,0,,0,
DATAFLOW,OECD.SDD.TPS:DSD_OLAB@DF_OIALAB_INDIC(1.1),,I,DEU,,VAC_U,,PS,,_Z,,Y,,S1,,M,,2007-05,,433000,,A,,,,0,,0,
DATAFLOW,OECD.SDD.TPS:DSD_OLAB@DF_OIALAB_INDIC(1.1),,I,DEU,,VAC_U,,PS,,_Z,,Y,,S1,,M,,2007-06,,431000,,A,,,,0,,0,
DATAFLOW,OECD.SDD.TPS:DSD_OLAB@DF_OIALAB_INDIC(1.1),,I,DEU,,VAC_U,,PS,,_Z,,Y,,S1,,M,,2007-07,,424000,,A,,,,0,,0,
DATAFLOW,OECD.SDD.TPS:DSD_OLAB@DF_OIALAB_INDIC(1.1),,I,DEU,,VAC_U,,PS,,_Z,,Y,,S1,,M,,2007-08,,421000,,A,,,,0,,0,
DATAFLOW,OECD.SDD.TPS:DSD_OLAB@DF_OIALAB_INDIC(1.1),,I,DEU,,VAC_U,,PS,,_Z,,Y,,S1,,M,,2007-09,,414000,,A,,,,0,,0,
DATAFLOW,OECD.SDD.TPS:DSD_OLAB@DF_OIALAB_INDIC(1.1),,I,DEU,,VAC_U,,PS,,_Z,,Y,,S1,,M,,2007-10,,412000,,A,,,,0,,0,
DATAFLOW,OECD.SDD.TPS:DSD_OLAB@DF_OIALAB_INDIC(1.1),,I,DEU,,VAC_U,,PS,,_Z,,Y,,S1,,M,,2007-11,,408000,,A,,,,0,,0,
DATAFLOW,OECD.SDD.TPS:DSD_OLAB@DF_OIALAB_INDIC(1.1),,I,DEU,,VAC_U,,PS,,_Z,,Y,,S1,,M,,2007-12,,405000,,A,,,,0,,0,
DATAFLOW,OECD.SDD.TPS:DSD_OLAB@DF_OIALAB_INDIC(1.1),,I,DEU,,VAC_U,,PS,,_Z,,Y,,S1,,M,,2008-01,,400000,,A,,,,0,,0,
DATAFLOW,OECD.SDD.TPS:DSD_OLAB@DF_OIALAB_INDIC(1.1),,I,DEU,,VAC_U,,PS,,_Z,,Y,,S1,,M,,2008-02,,396000,,A,,,,0,,0,
DATAFLOW,OECD.SDD.TPS:DSD_OLAB@DF_OIALAB_INDIC(1.1),,I,DEU,,VAC_U,,PS,,_Z,,Y,,S1,,M,,2008-03,,396000,,A,,,,0,,0,
DATAFLOW,OECD.SDD.TPS:DSD_OLAB@DF_OIALAB_INDIC(1.1),,I,DEU,,VAC_U,,PS,,_Z,,Y,,S1,,M,,2008-04,,393000,,A,,,,0,,0,
DATAFLOW,OECD.SDD.TPS:DSD_OLAB@DF_OIALAB_INDIC(1.1),,I,DEU,,VAC_U,,PS,,_Z,,Y,,S1,,M,,2008-05,,390000,,A,,,,0,,0,
DATAFLOW,OECD.SDD.TPS:DSD_OLAB@DF_OIALAB_INDIC(1.1),,I,DEU,,VAC_U,,PS,,_Z,,Y,,S1,,M,,2008-06,,399000,,A,,,,0,,0,
DATAFLOW,OECD.SDD.TPS:DSD_OLAB@DF_OIALAB_INDIC(1.1),,I,DEU,,VAC_U,,PS,,_Z,,Y,,S1,,M,,2008-07,,396000,,A,,,,0,,0,
DATAFLOW,OECD.SDD.TPS:DSD_OLAB@DF_OIALAB_INDIC(1.1),,I,DEU,,VAC_U,,PS,,_Z,,Y,,S1,,M,,2008-08,,392000,,A,,,,0,,0,
DATAFLOW,OECD.SDD.TPS:DSD_OLAB@DF_OIALAB_INDIC(1.1),,I,DEU,,VAC_U,,PS,,_Z,,Y,,S1,,M,,2008-09,,389000,,A,,,,0,,0,
DATAFLOW,OECD.SDD.TPS:DSD_OLAB@DF_OIALAB_INDIC(1.1),,I,DEU,,VAC_U,,PS,,_Z,,Y,,S1,,M,,2008-10,,383000,,A,,,,0,,0,
DATAFLOW,OECD.SDD.TPS:DSD_OLAB@DF_OIALAB_INDIC(1.1),,I,DEU,,VAC_U,,PS,,_Z,,Y,,S1,,M,,2008-11,,374000,,A,,,,0,,0,
DATAFLOW,OECD.SDD.TPS:DSD_OLAB@DF_OIALAB_INDIC(1.1),,I,DEU,,VAC_U,,PS,,_Z,,Y,,S1,,M,,2008-12,,356000,,A,,,,0,,0,
DATAFLOW,OECD.SDD.TPS:DSD_OLAB@DF_OIALAB_INDIC(1.1),,I,DEU,,VAC_U,,PS,,_Z,,Y,,S1,,M,,2009-01,,342000,,A,,,,0,,0,
DATAFLOW,OECD.SDD.TPS:DSD_OLAB@DF_OIALAB_INDIC(1.1),,I,DEU,,VAC_U,,PS,,_Z,,Y,,S1,,M,,2009-02,,333000,,A,,,,0,,0,
DATAFLOW,OECD.SDD.TPS:DSD_OLAB@DF_OIALAB_INDIC(1.1),,I,DEU,,VAC_U,,PS,,_Z,,Y,,S1,,M,,2009-03,,319000,,A,,,,0,,0,
DATAFLOW,OECD.SDD.TPS:DSD_OLAB@DF_OIALAB_INDIC(1.1),,I,DEU,,VAC_U,,PS,,_Z,,Y,,S1,,M,,2009-04,,304000,,A,,,,0,,0,
DATAFLOW,OECD.SDD.TPS:DSD_OLAB@DF_OIALAB_INDIC(1.1),,I,DEU,,VAC_U,,PS,,_Z,,Y,,S1,,M,,2009-05,,294000,,A,,,,0,,0,
DATAFLOW,OECD.SDD.TPS:DSD_OLAB@DF_OIALAB_INDIC(1.1),,I,DEU,,VAC_U,,PS,,_Z,,Y,,S1,,M,,2009-06,,285000,,A,,,,0,,0,
DATAFLOW,OECD.SDD.TPS:DSD_OLAB@DF_OIALAB_INDIC(1.1),,I,DEU,,VAC_U,,PS,,_Z,,Y,,S1,,M,,2009-07,,281000,,A,,,,0,,0,
DATAFLOW,OECD.SDD.TPS:DSD_OLAB@DF_OIALAB_INDIC(1.1),,I,DEU,,VAC_U,,PS,,_Z,,Y,,S1,,M,,2009-08,,284000,,A,,,,0,,0,
DATAFLOW,OECD.SDD.TPS:DSD_OLAB@DF_OIALAB_INDIC(1.1),,I,DEU,,VAC_U,,PS,,_Z,,Y,,S1,,M,,2009-09,,288000,,A,,,,0,,0,
DATAFLOW,OECD.SDD.TPS:DSD_OLAB@DF_OIALAB_INDIC(1.1),,I,DEU,,VAC_U,,PS,,_Z,,Y,,S1,,M,,2009-10,,290000,,A,,,,0,,0,
DATAFLOW,OECD.SDD.TPS:DSD_OLAB@DF_OIALAB_INDIC(1.1),,I,DEU,,VAC_U,,PS,,_Z,,Y,,S1,,M,,2009-11,,294000,,A,,,,0,,0,
DATAFLOW,OECD.SDD.TPS:DSD_OLAB@DF_OIALAB_INDIC(1.1),,I,DEU,,VAC_U,,PS,,_Z,,Y,,S1,,M,,2009-12,,303000,,A,,,,0,,0,
DATAFLOW,OECD.SDD.TPS:DSD_OLAB@DF_OIALAB_INDIC(1.1),,I,DEU,,VAC_U,,PS,,_Z,,Y,,S1,,M,,2010-01,,306000,,A,,,,0,,0,
DATAFLOW,OECD.SDD.TPS:DSD_OLAB@DF_OIALAB_INDIC(1.1),,I,DEU,,VAC_U,,PS,,_Z,,Y,,S1,,M,,2010-02,,312000,,A,,,,0,,0,
DATAFLOW,OECD.SDD.TPS:DSD_OLAB@DF_OIALAB_INDIC(1.1),,I,DEU,,VAC_U,,PS,,_Z,,Y,,S1,,M,,2010-03,,322000,,A,,,,0,,0,
DATAFLOW,OECD.SDD.TPS:DSD_OLAB@DF_OIALAB_INDIC(1.1),,I,DEU,,VAC_U,,PS,,_Z,,Y,,S1,,M,,2010-04,,333000,,A,,,,0,,0,
DATAFLOW,OECD.SDD.TPS:DSD_OLAB@DF_OIALAB_INDIC(1.1),,I,DEU,,VAC_U,,PS,,_Z,,Y,,S1,,M,,2010-05,,348000,,A,,,,0,,0,
DATAFLOW,OECD.SDD.TPS:DSD_OLAB@DF_OIALAB_INDIC(1.1),,I,DEU,,VAC_U,,PS,,_Z,,Y,,S1,,M,,2010-06,,357000,,A,,,,0,,0,
DATAFLOW,OECD.SDD.TPS:DSD_OLAB@DF_OIALAB_INDIC(1.1),,I,DEU,,VAC_U,,PS,,_Z,,Y,,S1,,M,,2010-07,,371000,,A,,,,0,,0,
DATAFLOW,OECD.SDD.TPS:DSD_OLAB@DF_OIALAB_INDIC(1.1),,I,DEU,,VAC_U,,PS,,_Z,,Y,,S1,,M,,2010-08,,377000,,A,,,,0,,0,
DATAFLOW,OECD.SDD.TPS:DSD_OLAB@DF_OIALAB_INDIC(1.1),,I,DEU,,VAC_U,,PS,,_Z,,Y,,S1,,M,,2010-09,,382000,,A,,,,0,,0,
DATAFLOW,OECD.SDD.TPS:DSD_OLAB@DF_OIALAB_INDIC(1.1),,I,DEU,,VAC_U,,PS,,_Z,,Y,,S1,,M,,2010-10,,392000,,A,,,,0,,0,
DATAFLOW,OECD.SDD.TPS:DSD_OLAB@DF_OIALAB_INDIC(1.1),,I,DEU,,VAC_U,,PS,,_Z,,Y,,S1,,M,,2010-11,,399000,,A,,,,0,,0,
DATAFLOW,OECD.SDD.TPS:DSD_OLAB@DF_OIALAB_INDIC(1.1),,I,DEU,,VAC_U,,PS,,_Z,,Y,,S1,,M,,2010-12,,409000,,A,,,,0,,0,
DATAFLOW,OECD.SDD.TPS:DSD_OLAB@DF_OIALAB_INDIC(1.1),,I,DEU,,VAC_U,,PS,,_Z,,Y,,S1,,M,,2011-01,,420000,,A,,,,0,,0,
DATAFLOW,OECD.SDD.TPS:DSD_OLAB@DF_OIALAB_INDIC(1.1),,I,DEU,,VAC_U,,PS,,_Z,,Y,,S1,,M,,2011-02,,435000,,A,,,,0,,0,
DATAFLOW,OECD.SDD.TPS:DSD_OLAB@DF_OIALAB_INDIC(1.1),,I,DEU,,VAC_U,,PS,,_Z,,Y,,S1,,M,,2011-03,,444000,,A,,,,0,,0,
DATAFLOW,OECD.SDD.TPS:DSD_OLAB@DF_OIALAB_INDIC(1.1),,I,DEU,,VAC_U,,PS,,_Z,,Y,,S1,,M,,2011-04,,455000,,A,,,,0,,0,
DATAFLOW,OECD.SDD.TPS:DSD_OLAB@DF_OIALAB_INDIC(1.1),,I,DEU,,VAC_U,,PS,,_Z,,Y,,S1,,M,,2011-05,,460000,,A,,,,0,,0,
DATAFLOW,OECD.SDD.TPS:DSD_OLAB@DF_OIALAB_INDIC(1.1),,I,DEU,,VAC_U,,PS,,_Z,,Y,,S1,,M,,2011-06,,465000,,A,,,,0,,0,
DATAFLOW,OECD.SDD.TPS:DSD_OLAB@DF_OIALAB_INDIC(1.1),,I,DEU,,VAC_U,,PS,,_Z,,Y,,S1,,M,,2011-07,,470000,,A,,,,0,,0,
DATAFLOW,OECD.SDD.TPS:DSD_OLAB@DF_OIALAB_INDIC(1.1),,I,DEU,,VAC_U,,PS,,_Z,,Y,,S1,,M,,2011-08,,476000,,A,,,,0,,0,
DATAFLOW,OECD.SDD.TPS:DSD_OLAB@DF_OIALAB_INDIC(1.1),,I,DEU,,VAC_U,,PS,,_Z,,Y,,S1,,M,,2011-09,,483000,,A,,,,0,,0,
DATAFLOW,OECD.SDD.TPS:DSD_OLAB@DF_OIALAB_INDIC(1.1),,I,DEU,,VAC_U,,PS,,_Z,,Y,,S1,,M,,2011-10,,490000,,A,,,,0,,0,
DATAFLOW,OECD.SDD.TPS:DSD_OLAB@DF_OIALAB_INDIC(1.1),,I,DEU,,VAC_U,,PS,,_Z,,Y,,S1,,M,,2011-11,,497000,,A,,,,0,,0,
DATAFLOW,OECD.SDD.TPS:DSD_OLAB@DF_OIALAB_INDIC(1.1),,I,DEU,,VAC_U,,PS,,_Z,,Y,,S1,,M,,2011-12,,499000,,A,,,,0,,0,
DATAFLOW,OECD.SDD.TPS:DSD_OLAB@DF_OIALAB_INDIC(1.1),,I,DEU,,VAC_U,,PS,,_Z,,Y,,S1,,M,,2012-01,,501000,,A,,,,0,,0,
DATAFLOW,OECD.SDD.TPS:DSD_OLAB@DF_OIALAB_INDIC(1.1),,I,DEU,,VAC_U,,PS,,_Z,,Y,,S1,,M,,2012-02,,491000,,A,,,,0,,0,
DATAFLOW,OECD.SDD.TPS:DSD_OLAB@DF_OIALAB_INDIC(1.1),,I,DEU,,VAC_U,,PS,,_Z,,Y,,S1,,M,,2012-03,,491000,,A,,,,0,,0,
DATAFLOW,OECD.SDD.TPS:DSD_OLAB@DF_OIALAB_INDIC(1.1),,I,DEU,,VAC_U,,PS,,_Z,,Y,,S1,,M,,2012-04,,491000,,A,,,,0,,0,
DATAFLOW,OECD.SDD.TPS:DSD_OLAB@DF_OIALAB_INDIC(1.1),,I,DEU,,VAC_U,,PS,,_Z,,Y,,S1,,M,,2012-05,,490000,,A,,,,0,,0,
DATAFLOW,OECD.SDD.TPS:DSD_OLAB@DF_OIALAB_INDIC(1.1),,I,DEU,,VAC_U,,PS,,_Z,,Y,,S1,,M,,2012-06,,486000,,A,,,,0,,0,
DATAFLOW,OECD.SDD.TPS:DSD_OLAB@DF_OIALAB_INDIC(1.1),,I,DEU,,VAC_U,,PS,,_Z,,Y,,S1,,M,,2012-07,,480000,,A,,,,0,,0,
DATAFLOW,OECD.SDD.TPS:DSD_OLAB@DF_OIALAB_INDIC(1.1),,I,DEU,,VAC_U,,PS,,_Z,,Y,,S1,,M,,2012-08,,474000,,A,,,,0,,0,
DATAFLOW,OECD.SDD.TPS:DSD_OLAB@DF_OIALAB_INDIC(1.1),,I,DEU,,VAC_U,,PS,,_Z,,Y,,S1,,M,,2012-09,,468000,,A,,,,0,,0,
DATAFLOW,OECD.SDD.TPS:DSD_OLAB@DF_OIALAB_INDIC(1.1),,I,DEU,,VAC_U,,PS,,_Z,,Y,,S1,,M,,2012-10,,460000,,A,,,,0,,0,
DATAFLOW,OECD.SDD.TPS:DSD_OLAB@DF_OIALAB_INDIC(1.1),,I,DEU,,VAC_U,,PS,,_Z,,Y,,S1,,M,,2012-11,,454000,,A,,,,0,,0,
DATAFLOW,OECD.SDD.TPS:DSD_OLAB@DF_OIALAB_INDIC(1.1),,I,DEU,,VAC_U,,PS,,_Z,,Y,,S1,,M,,2012-12,,447000,,A,,,,0,,0,
DATAFLOW,OECD.SDD.TPS:DSD_OLAB@DF_OIALAB_INDIC(1.1),,I,DEU,,VAC_U,,PS,,_Z,,Y,,S1,,M,,2013-01,,462000,,A,,,,0,,0,
DATAFLOW,OECD.SDD.TPS:DSD_OLAB@DF_OIALAB_INDIC(1.1),,I,DEU,,VAC_U,,PS,,_Z,,Y,,S1,,M,,2013-02,,462000,,A,,,,0,,0,
DATAFLOW,OECD.SDD.TPS:DSD_OLAB@DF_OIALAB_INDIC(1.1),,I,DEU,,VAC_U,,PS,,_Z,,Y,,S1,,M,,2013-03,,460000,,A,,,,0,,0,
DATAFLOW,OECD.SDD.TPS:DSD_OLAB@DF_OIALAB_INDIC(1.1),,I,DEU,,VAC_U,,PS,,_Z,,Y,,S1,,M,,2013-04,,453000,,A,,,,0,,0,
DATAFLOW,OECD.SDD.TPS:DSD_OLAB@DF_OIALAB_INDIC(1.1),,I,DEU,,VAC_U,,PS,,_Z,,Y,,S1,,M,,2013-05,,451000,,A,,,,0,,0,
DATAFLOW,OECD.SDD.TPS:DSD_OLAB@DF_OIALAB_INDIC(1.1),,I,DEU,,VAC_U,,PS,,_Z,,Y,,S1,,M,,2013-06,,449000,,A,,,,0,,0,
DATAFLOW,OECD.SDD.TPS:DSD_OLAB@DF_OIALAB_INDIC(1.1),,I,DEU,,VAC_U,,PS,,_Z,,Y,,S1,,M,,2013-07,,453000,,A,,,,0,,0,
DATAFLOW,OECD.SDD.TPS:DSD_OLAB@DF_OIALAB_INDIC(1.1),,I,DEU,,VAC_U,,PS,,_Z,,Y,,S1,,M,,2013-08,,454000,,A,,,,0,,0,
DATAFLOW,OECD.SDD.TPS:DSD_OLAB@DF_OIALAB_INDIC(1.1),,I,DEU,,VAC_U,,PS,,_Z,,Y,,S1,,M,,2013-09,,458000,,A,,,,0,,0,
DATAFLOW,OECD.SDD.TPS:DSD_OLAB@DF_OIALAB_INDIC(1.1),,I,DEU,,VAC_U,,PS,,_Z,,Y,,S1,,M,,2013-10,,458000,,A,,,,0,,0,
DATAFLOW,OECD.SDD.TPS:DSD_OLAB@DF_OIALAB_INDIC(1.1),,I,DEU,,VAC_U,,PS,,_Z,,Y,,S1,,M,,2013-11,,460000,,A,,,,0,,0,
DATAFLOW,OECD.SDD.TPS:DSD_OLAB@DF_OIALAB_INDIC(1.1),,I,DEU,,VAC_U,,PS,,_Z,,Y,,S1,,M,,2013-12,,464000,,A,,,,0,,0,
DATAFLOW,OECD.SDD.TPS:DSD_OLAB@DF_OIALAB_INDIC(1.1),,I,DEU,,VAC_U,,PS,,_Z,,Y,,S1,,M,,2014-01,,464000,,A,,,,0,,0,
DATAFLOW,OECD.SDD.TPS:DSD_OLAB@DF_OIALAB_INDIC(1.1),,I,DEU,,VAC_U,,PS,,_Z,,Y,,S1,,M,,1995-10,,274340.2,,A,,,,0,,0,
DATAFLOW,OECD.SDD.TPS:DSD_OLAB@DF_OIALAB_INDIC(1.1),,I,DEU,,VAC_U,,PS,,_Z,,Y,,S1,,M,,1995-11,,274340.2,,A,,,,0,,0,
DATAFLOW,OECD.SDD.TPS:DSD_OLAB@DF_OIALAB_INDIC(1.1),,I,DEU,,VAC_U,,PS,,_Z,,Y,,S1,,M,,1991-08,,326102.5,,A,,,,0,,0,
DATAFLOW,OECD.SDD.TPS:DSD_OLAB@DF_OIALAB_INDIC(1.1),,I,DEU,,VAC_U,,PS,,_Z,,Y,,S1,,M,,1991-09,,325239.8,,A,,,,0,,0,
DATAFLOW,OECD.SDD.TPS:DSD_OLAB@DF_OIALAB_INDIC(1.1),,I,DEU,,VAC_U,,PS,,_Z,,Y,,S1,,M,,1996-08,,276928.3,,A,,,,0,,0,
DATAFLOW,OECD.SDD.TPS:DSD_OLAB@DF_OIALAB_INDIC(1.1),,I,DEU,,VAC_U,,PS,,_Z,,Y,,S1,,M,,1996-09,,279516.4,,A,,,,0,,0,
DATAFLOW,OECD.SDD.TPS:DSD_OLAB@DF_OIALAB_INDIC(1.1),,I,DEU,,VAC_U,,PS,,_Z,,Y,,S1,,M,,1996-10,,281241.8,,A,,,,0,,0,
DATAFLOW,OECD.SDD.TPS:DSD_OLAB@DF_OIALAB_INDIC(1.1),,I,DEU,,VAC_U,,PS,,_Z,,Y,,S1,,M,,1996-11,,280379.1,,A,,,,0,,0,
DATAFLOW,OECD.SDD.TPS:DSD_OLAB@DF_OIALAB_INDIC(1.1),,I,DEU,,VAC_U,,PS,,_Z,,Y,,S1,,M,,1996-12,,288143.4,,A,,,,0,,0,
DATAFLOW,OECD.SDD.TPS:DSD_OLAB@DF_OIALAB_INDIC(1.1),,I,DEU,,VAC_U,,PS,,_Z,,Y,,S1,,M,,1997-01,,283829.9,,A,,,,0,,0,
DATAFLOW,OECD.SDD.TPS:DSD_OLAB@DF_OIALAB_INDIC(1.1),,I,DEU,,VAC_U,,PS,,_Z,,Y,,S1,,M,,2015-04,,548000,,A,,,,0,,0,
DATAFLOW,OECD.SDD.TPS:DSD_OLAB@DF_OIALAB_INDIC(1.1),,I,DEU,,VAC_U,,PS,,_Z,,Y,,S1,,M,,2015-05,,554000,,A,,,,0,,0,
DATAFLOW,OECD.SDD.TPS:DSD_OLAB@DF_OIALAB_INDIC(1.1),,I,DEU,,VAC_U,,PS,,_Z,,Y,,S1,,M,,2015-06,,563000,,A,,,,0,,0,
DATAFLOW,OECD.SDD.TPS:DSD_OLAB@DF_OIALAB_INDIC(1.1),,I,DEU,,VAC_U,,PS,,_Z,,Y,,S1,,M,,2015-07,,573000,,A,,,,0,,0,
DATAFLOW,OECD.SDD.TPS:DSD_OLAB@DF_OIALAB_INDIC(1.1),,I,DEU,,VAC_U,,PS,,_Z,,Y,,S1,,M,,2015-08,,577000,,A,,,,0,,0,
DATAFLOW,OECD.SDD.TPS:DSD_OLAB@DF_OIALAB_INDIC(1.1),,I,DEU,,VAC_U,,PS,,_Z,,Y,,S1,,M,,2015-09,,582000,,A,,,,0,,0,
DATAFLOW,OECD.SDD.TPS:DSD_OLAB@DF_OIALAB_INDIC(1.1),,I,DEU,,VAC_U,,PS,,_Z,,Y,,S1,,M,,2015-10,,599000,,A,,,,0,,0,
DATAFLOW,OECD.SDD.TPS:DSD_OLAB@DF_OIALAB_INDIC(1.1),,I,DEU,,VAC_U,,PS,,_Z,,Y,,S1,,M,,2015-11,,609000,,A,,,,0,,0,
DATAFLOW,OECD.SDD.TPS:DSD_OLAB@DF_OIALAB_INDIC(1.1),,I,DEU,,VAC_U,,PS,,_Z,,Y,,S1,,M,,2015-12,,615000,,A,,,,0,,0,
DATAFLOW,OECD.SDD.TPS:DSD_OLAB@DF_OIALAB_INDIC(1.1),,I,DEU,,VAC_U,,PS,,_Z,,Y,,S1,,M,,2016-01,,625000,,A,,,,0,,0,
DATAFLOW,OECD.SDD.TPS:DSD_OLAB@DF_OIALAB_INDIC(1.1),,I,DEU,,VAC_U,,PS,,_Z,,Y,,S1,,M,,2016-02,,631000,,A,,,,0,,0,
DATAFLOW,OECD.SDD.TPS:DSD_OLAB@DF_OIALAB_INDIC(1.1),,I,DEU,,VAC_U,,PS,,_Z,,Y,,S1,,M,,2016-03,,636000,,A,,,,0,,0,
DATAFLOW,OECD.SDD.TPS:DSD_OLAB@DF_OIALAB_INDIC(1.1),,I,DEU,,VAC_U,,PS,,_Z,,Y,,S1,,M,,2016-04,,639000,,A,,,,0,,0,
DATAFLOW,OECD.SDD.TPS:DSD_OLAB@DF_OIALAB_INDIC(1.1),,I,DEU,,VAC_U,,PS,,_Z,,Y,,S1,,M,,2016-05,,653000,,A,,,,0,,0,
DATAFLOW,OECD.SDD.TPS:DSD_OLAB@DF_OIALAB_INDIC(1.1),,I,DEU,,VAC_U,,PS,,_Z,,Y,,S1,,M,,2016-06,,655000,,A,,,,0,,0,
DATAFLOW,OECD.SDD.TPS:DSD_OLAB@DF_OIALAB_INDIC(1.1),,I,DEU,,VAC_U,,PS,,_Z,,Y,,S1,,M,,2016-07,,657000,,A,,,,0,,0,
DATAFLOW,OECD.SDD.TPS:DSD_OLAB@DF_OIALAB_INDIC(1.1),,I,DEU,,VAC_U,,PS,,_Z,,Y,,S1,,M,,2016-08,,664000,,A,,,,0,,0,
DATAFLOW,OECD.SDD.TPS:DSD_OLAB@DF_OIALAB_INDIC(1.1),,I,DEU,,VAC_U,,PS,,_Z,,Y,,S1,,M,,2016-09,,667000,,A,,,,0,,0,
DATAFLOW,OECD.SDD.TPS:DSD_OLAB@DF_OIALAB_INDIC(1.1),,I,DEU,,VAC_U,,PS,,_Z,,Y,,S1,,M,,2016-10,,675000,,A,,,,0,,0,
DATAFLOW,OECD.SDD.TPS:DSD_OLAB@DF_OIALAB_INDIC(1.1),,I,DEU,,VAC_U,,PS,,_Z,,Y,,S1,,M,,2016-11,,678000,,A,,,,0,,0,
DATAFLOW,OECD.SDD.TPS:DSD_OLAB@DF_OIALAB_INDIC(1.1),,I,DEU,,VAC_U,,PS,,_Z,,Y,,S1,,M,,2016-12,,682000,,A,,,,0,,0,
DATAFLOW,OECD.SDD.TPS:DSD_OLAB@DF_OIALAB_INDIC(1.1),,I,DEU,,VAC_U,,PS,,_Z,,Y,,S1,,M,,2017-01,,692000,,A,,,,0,,0,
DATAFLOW,OECD.SDD.TPS:DSD_OLAB@DF_OIALAB_INDIC(1.1),,I,DEU,,VAC_U,,PS,,_Z,,Y,,S1,,M,,2017-02,,693000,,A,,,,0,,0,
DATAFLOW,OECD.SDD.TPS:DSD_OLAB@DF_OIALAB_INDIC(1.1),,I,DEU,,VAC_U,,PS,,_Z,,Y,,S1,,M,,2017-03,,697000,,A,,,,0,,0,
DATAFLOW,OECD.SDD.TPS:DSD_OLAB@DF_OIALAB_INDIC(1.1),,I,DEU,,VAC_U,,PS,,_Z,,Y,,S1,,M,,2017-04,,708000,,A,,,,0,,0,
DATAFLOW,OECD.SDD.TPS:DSD_OLAB@DF_OIALAB_INDIC(1.1),,I,DEU,,VAC_U,,PS,,_Z,,Y,,S1,,M,,2017-05,,714000,,A,,,,0,,0,
DATAFLOW,OECD.SDD.TPS:DSD_OLAB@DF_OIALAB_INDIC(1.1),,I,DEU,,VAC_U,,PS,,_Z,,Y,,S1,,M,,2017-06,,721000,,A,,,,0,,0,
DATAFLOW,OECD.SDD.TPS:DSD_OLAB@DF_OIALAB_INDIC(1.1),,I,DEU,,VAC_U,,PS,,_Z,,Y,,S1,,M,,2017-07,,732000,,A,,,,0,,0,
DATAFLOW,OECD.SDD.TPS:DSD_OLAB@DF_OIALAB_INDIC(1.1),,I,DEU,,VAC_U,,PS,,_Z,,Y,,S1,,M,,2017-08,,741000,,A,,,,0,,0,
DATAFLOW,OECD.SDD.TPS:DSD_OLAB@DF_OIALAB_INDIC(1.1),,I,DEU,,VAC_U,,PS,,_Z,,Y,,S1,,M,,2017-09,,749000,,A,,,,0,,0,
DATAFLOW,OECD.SDD.TPS:DSD_OLAB@DF_OIALAB_INDIC(1.1),,I,DEU,,VAC_U,,PS,,_Z,,Y,,S1,,M,,2017-10,,760000,,A,,,,0,,0,
DATAFLOW,OECD.SDD.TPS:DSD_OLAB@DF_OIALAB_INDIC(1.1),,I,DEU,,VAC_U,,PS,,_Z,,Y,,S1,,M,,2017-11,,768000,,A,,,,0,,0,
DATAFLOW,OECD.SDD.TPS:DSD_OLAB@DF_OIALAB_INDIC(1.1),,I,DEU,,VAC_U,,PS,,_Z,,Y,,S1,,M,,2017-12,,786000,,A,,,,0,,0,
DATAFLOW,OECD.SDD.TPS:DSD_OLAB@DF_OIALAB_INDIC(1.1),,I,DEU,,VAC_U,,PS,,_Z,,Y,,S1,,M,,2018-01,,784000,,A,,,,0,,0,
DATAFLOW,OECD.SDD.TPS:DSD_OLAB@DF_OIALAB_INDIC(1.1),,I,DEU,,VAC_U,,PS,,_Z,,Y,,S1,,M,,2018-02,,786000,,A,,,,0,,0,
DATAFLOW,OECD.SDD.TPS:DSD_OLAB@DF_OIALAB_INDIC(1.1),,I,DEU,,VAC_U,,PS,,_Z,,Y,,S1,,M,,2018-03,,786000,,A,,,,0,,0,
DATAFLOW,OECD.SDD.TPS:DSD_OLAB@DF_OIALAB_INDIC(1.1),,I,DEU,,VAC_U,,PS,,_Z,,Y,,S1,,M,,2018-04,,789000,,A,,,,0,,0,
DATAFLOW,OECD.SDD.TPS:DSD_OLAB@DF_OIALAB_INDIC(1.1),,I,DEU,,VAC_U,,PS,,_Z,,Y,,S1,,M,,2018-05,,794000,,A,,,,0,,0,
DATAFLOW,OECD.SDD.TPS:DSD_OLAB@DF_OIALAB_INDIC(1.1),,I,DEU,,VAC_U,,PS,,_Z,,Y,,S1,,M,,2018-06,,796000,,A,,,,0,,0,
DATAFLOW,OECD.SDD.TPS:DSD_OLAB@DF_OIALAB_INDIC(1.1),,I,DEU,,VAC_U,,PS,,_Z,,Y,,S1,,M,,2018-07,,802000,,A,,,,0,,0,
DATAFLOW,OECD.SDD.TPS:DSD_OLAB@DF_OIALAB_INDIC(1.1),,I,DEU,,VAC_U,,PS,,_Z,,Y,,S1,,M,,2018-08,,801000,,A,,,,0,,0,
DATAFLOW,OECD.SDD.TPS:DSD_OLAB@DF_OIALAB_INDIC(1.1),,I,DEU,,VAC_U,,PS,,_Z,,Y,,S1,,M,,2018-09,,806000,,A,,,,0,,0,
DATAFLOW,OECD.SDD.TPS:DSD_OLAB@DF_OIALAB_INDIC(1.1),,I,DEU,,VAC_U,,PS,,_Z,,Y,,S1,,M,,2018-10,,802000,,A,,,,0,,0,
DATAFLOW,OECD.SDD.TPS:DSD_OLAB@DF_OIALAB_INDIC(1.1),,I,DEU,,VAC_U,,PS,,_Z,,Y,,S1,,M,,2018-11,,802000,,A,,,,0,,0,
DATAFLOW,OECD.SDD.TPS:DSD_OLAB@DF_OIALAB_INDIC(1.1),,I,DEU,,VAC_U,,PS,,_Z,,Y,,S1,,M,,2018-12,,806000,,A,,,,0,,0,
DATAFLOW,OECD.SDD.TPS:DSD_OLAB@DF_OIALAB_INDIC(1.1),,I,DEU,,VAC_U,,PS,,_Z,,Y,,S1,,M,,2019-01,,805000,,A,,,,0,,0,
DATAFLOW,OECD.SDD.TPS:DSD_OLAB@DF_OIALAB_INDIC(1.1),,I,DEU,,VAC_U,,PS,,_Z,,Y,,S1,,M,,2019-02,,807000,,A,,,,0,,0,
DATAFLOW,OECD.SDD.TPS:DSD_OLAB@DF_OIALAB_INDIC(1.1),,I,DEU,,VAC_U,,PS,,_Z,,Y,,S1,,M,,2019-03,,808000,,A,,,,0,,0,
DATAFLOW,OECD.SDD.TPS:DSD_OLAB@DF_OIALAB_INDIC(1.1),,I,DEU,,VAC_U,,PS,,_Z,,Y,,S1,,M,,2019-04,,802000,,A,,,,0,,0,
DATAFLOW,OECD.SDD.TPS:DSD_OLAB@DF_OIALAB_INDIC(1.1),,I,DEU,,VAC_U,,PS,,_Z,,Y,,S1,,M,,2019-05,,794000,,A,,,,0,,0,
DATAFLOW,OECD.SDD.TPS:DSD_OLAB@DF_OIALAB_INDIC(1.1),,I,DEU,,VAC_U,,PS,,_Z,,Y,,S1,,M,,2019-06,,789000,,A,,,,0,,0,
DATAFLOW,OECD.SDD.TPS:DSD_OLAB@DF_OIALAB_INDIC(1.1),,I,DEU,,VAC_U,,PS,,_Z,,Y,,S1,,M,,2019-07,,779000,,A,,,,0,,0,
DATAFLOW,OECD.SDD.TPS:DSD_OLAB@DF_OIALAB_INDIC(1.1),,I,DEU,,VAC_U,,PS,,_Z,,Y,,S1,,M,,2019-08,,767000,,A,,,,0,,0,
DATAFLOW,OECD.SDD.TPS:DSD_OLAB@DF_OIALAB_INDIC(1.1),,I,DEU,,VAC_U,,PS,,_Z,,Y,,S1,,M,,2019-09,,759000,,A,,,,0,,0,
DATAFLOW,OECD.SDD.TPS:DSD_OLAB@DF_OIALAB_INDIC(1.1),,I,DEU,,VAC_U,,PS,,_Z,,Y,,S1,,M,,2019-10,,744000,,A,,,,0,,0,
DATAFLOW,OECD.SDD.TPS:DSD_OLAB@DF_OIALAB_INDIC(1.1),,I,DEU,,VAC_U,,PS,,_Z,,Y,,S1,,M,,2019-11,,732000,,A,,,,0,,0,
DATAFLOW,OECD.SDD.TPS:DSD_OLAB@DF_OIALAB_INDIC(1.1),,I,DEU,,VAC_U,,PS,,_Z,,Y,,S1,,M,,2019-12,,708000,,A,,,,0,,0,
DATAFLOW,OECD.SDD.TPS:DSD_OLAB@DF_OIALAB_INDIC(1.1),,I,DEU,,VAC_U,,PS,,_Z,,Y,,S1,,M,,2020-01,,708000,,A,,,,0,,0,
DATAFLOW,OECD.SDD.TPS:DSD_OLAB@DF_OIALAB_INDIC(1.1),,I,DEU,,VAC_U,,PS,,_Z,,Y,,S1,,M,,2020-02,,710000,,A,,,,0,,0,
DATAFLOW,OECD.SDD.TPS:DSD_OLAB@DF_OIALAB_INDIC(1.1),,I,DEU,,VAC_U,,PS,,_Z,,Y,,S1,,M,,2020-03,,701000,,A,,,,0,,0,
DATAFLOW,OECD.SDD.TPS:DSD_OLAB@DF_OIALAB_INDIC(1.1),,I,DEU,,VAC_U,,PS,,_Z,,Y,,S1,,M,,2020-04,,633000,,A,,,,0,,0,
DATAFLOW,OECD.SDD.TPS:DSD_OLAB@DF_OIALAB_INDIC(1.1),,I,DEU,,VAC_U,,PS,,_Z,,Y,,S1,,M,,2020-05,,586000,,A,,,,0,,0,
DATAFLOW,OECD.SDD.TPS:DSD_OLAB@DF_OIALAB_INDIC(1.1),,I,DEU,,VAC_U,,PS,,_Z,,Y,,S1,,M,,2020-06,,564000,,A,,,,0,,0,
DATAFLOW,OECD.SDD.TPS:DSD_OLAB@DF_OIALAB_INDIC(1.1),,I,DEU,,VAC_U,,PS,,_Z,,Y,,S1,,M,,2020-07,,558000,,A,,,,0,,0,
DATAFLOW,OECD.SDD.TPS:DSD_OLAB@DF_OIALAB_INDIC(1.1),,I,DEU,,VAC_U,,PS,,_Z,,Y,,S1,,M,,2020-08,,563000,,A,,,,0,,0,
DATAFLOW,OECD.SDD.TPS:DSD_OLAB@DF_OIALAB_INDIC(1.1),,I,DEU,,VAC_U,,PS,,_Z,,Y,,S1,,M,,2020-09,,569000,,A,,,,0,,0,
DATAFLOW,OECD.SDD.TPS:DSD_OLAB@DF_OIALAB_INDIC(1.1),,I,DEU,,VAC_U,,PS,,_Z,,Y,,S1,,M,,2020-10,,587000,,A,,,,0,,0,
DATAFLOW,OECD.SDD.TPS:DSD_OLAB@DF_OIALAB_INDIC(1.1),,I,DEU,,VAC_U,,PS,,_Z,,Y,,S1,,M,,2020-11,,597000,,A,,,,0,,0,
DATAFLOW,OECD.SDD.TPS:DSD_OLAB@DF_OIALAB_INDIC(1.1),,I,DEU,,VAC_U,,PS,,_Z,,Y,,S1,,M,,2020-12,,600000,,A,,,,0,,0,
DATAFLOW,OECD.SDD.TPS:DSD_OLAB@DF_OIALAB_INDIC(1.1),,I,DEU,,VAC_U,,PS,,_Z,,Y,,S1,,M,,2021-01,,599000,,A,,,,0,,0,
DATAFLOW,OECD.SDD.TPS:DSD_OLAB@DF_OIALAB_INDIC(1.1),,I,DEU,,VAC_U,,PS,,_Z,,Y,,S1,,M,,2021-02,,600000,,A,,,,0,,0,
DATAFLOW,OECD.SDD.TPS:DSD_OLAB@DF_OIALAB_INDIC(1.1),,I,DEU,,VAC_U,,PS,,_Z,,Y,,S1,,M,,2021-03,,619000,,A,,,,0,,0,
DATAFLOW,OECD.SDD.TPS:DSD_OLAB@DF_OIALAB_INDIC(1.1),,I,DEU,,VAC_U,,PS,,_Z,,Y,,S1,,M,,2021-04,,636000,,A,,,,0,,0,
DATAFLOW,OECD.SDD.TPS:DSD_OLAB@DF_OIALAB_INDIC(1.1),,I,DEU,,VAC_U,,PS,,_Z,,Y,,S1,,M,,2021-05,,656000,,A,,,,0,,0,
DATAFLOW,OECD.SDD.TPS:DSD_OLAB@DF_OIALAB_INDIC(1.1),,I,DEU,,VAC_U,,PS,,_Z,,Y,,S1,,M,,2021-06,,685000,,A,,,,0,,0,
DATAFLOW,OECD.SDD.TPS:DSD_OLAB@DF_OIALAB_INDIC(1.1),,I,DEU,,VAC_U,,PS,,_Z,,Y,,S1,,M,,2021-07,,724000,,A,,,,0,,0,
DATAFLOW,OECD.SDD.TPS:DSD_OLAB@DF_OIALAB_INDIC(1.1),,I,DEU,,VAC_U,,PS,,_Z,,Y,,S1,,M,,2021-08,,750000,,A,,,,0,,0,
DATAFLOW,OECD.SDD.TPS:DSD_OLAB@DF_OIALAB_INDIC(1.1),,I,DEU,,VAC_U,,PS,,_Z,,Y,,S1,,M,,2021-09,,770000,,A,,,,0,,0,
DATAFLOW,OECD.SDD.TPS:DSD_OLAB@DF_OIALAB_INDIC(1.1),,I,DEU,,VAC_U,,PS,,_Z,,Y,,S1,,M,,2021-10,,790000,,A,,,,0,,0,
DATAFLOW,OECD.SDD.TPS:DSD_OLAB@DF_OIALAB_INDIC(1.1),,I,DEU,,VAC_U,,PS,,_Z,,Y,,S1,,M,,2021-11,,805000,,A,,,,0,,0,
DATAFLOW,OECD.SDD.TPS:DSD_OLAB@DF_OIALAB_INDIC(1.1),,I,DEU,,VAC_U,,PS,,_Z,,Y,,S1,,M,,2021-12,,820000,,A,,,,0,,0,
DATAFLOW,OECD.SDD.TPS:DSD_OLAB@DF_OIALAB_INDIC(1.1),,I,DEU,,VAC_U,,PS,,_Z,,Y,,S1,,M,,2022-01,,835000,,A,,,,0,,0,
DATAFLOW,OECD.SDD.TPS:DSD_OLAB@DF_OIALAB_INDIC(1.1),,I,DEU,,VAC_U,,PS,,_Z,,Y,,S1,,M,,2022-02,,847000,,A,,,,0,,0,
DATAFLOW,OECD.SDD.TPS:DSD_OLAB@DF_OIALAB_INDIC(1.1),,I,DEU,,VAC_U,,PS,,_Z,,Y,,S1,,M,,2022-03,,852000,,A,,,,0,,0,
DATAFLOW,OECD.SDD.TPS:DSD_OLAB@DF_OIALAB_INDIC(1.1),,I,DEU,,VAC_U,,PS,,_Z,,Y,,S1,,M,,2022-04,,861000,,A,,,,0,,0,
DATAFLOW,OECD.SDD.TPS:DSD_OLAB@DF_OIALAB_INDIC(1.1),,I,DEU,,VAC_U,,PS,,_Z,,Y,,S1,,M,,2022-05,,868000,,A,,,,0,,0,
DATAFLOW,OECD.SDD.TPS:DSD_OLAB@DF_OIALAB_INDIC(1.1),,I,DEU,,VAC_U,,PS,,_Z,,Y,,S1,,M,,2022-06,,866000,,A,,,,0,,0,
DATAFLOW,OECD.SDD.TPS:DSD_OLAB@DF_OIALAB_INDIC(1.1),,I,DEU,,VAC_U,,PS,,_Z,,Y,,S1,,M,,2022-07,,856000,,A,,,,0,,0,
DATAFLOW,OECD.SDD.TPS:DSD_OLAB@DF_OIALAB_INDIC(1.1),,I,DEU,,VAC_U,,PS,,_Z,,Y,,S1,,M,,2022-08,,853000,,A,,,,0,,0,
DATAFLOW,OECD.SDD.TPS:DSD_OLAB@DF_OIALAB_INDIC(1.1),,I,DEU,,VAC_U,,PS,,_Z,,Y,,S1,,M,,2022-09,,843000,,A,,,,0,,0,
DATAFLOW,OECD.SDD.TPS:DSD_OLAB@DF_OIALAB_INDIC(1.1),,I,DEU,,VAC_U,,PS,,_Z,,Y,,S1,,M,,2022-10,,828000,,A,,,,0,,0,
DATAFLOW,OECD.SDD.TPS:DSD_OLAB@DF_OIALAB_INDIC(1.1),,I,DEU,,VAC_U,,PS,,_Z,,Y,,S1,,M,,2022-11,,821000,,A,,,,0,,0,
DATAFLOW,OECD.SDD.TPS:DSD_OLAB@DF_OIALAB_INDIC(1.1),,I,DEU,,VAC_U,,PS,,_Z,,Y,,S1,,M,,2022-12,,807000,,A,,,,0,,0,
DATAFLOW,OECD.SDD.TPS:DSD_OLAB@DF_OIALAB_INDIC(1.1),,I,DEU,,VAC_U,,PS,,_Z,,Y,,S1,,M,,2023-01,,805000,,A,,,,0,,0,
DATAFLOW,OECD.SDD.TPS:DSD_OLAB@DF_OIALAB_INDIC(1.1),,I,DEU,,VAC_U,,PS,,_Z,,Y,,S1,,M,,2023-02,,800000,,A,,,,0,,0,
DATAFLOW,OECD.SDD.TPS:DSD_OLAB@DF_OIALAB_INDIC(1.1),,I,DEU,,VAC_U,,PS,,_Z,,Y,,S1,,M,,2023-03,,790000,,A,,,,0,,0,
DATAFLOW,OECD.SDD.TPS:DSD_OLAB@DF_OIALAB_INDIC(1.1),,I,DEU,,VAC_U,,PS,,_Z,,Y,,S1,,M,,2023-04,,782000,,A,,,,0,,0,
DATAFLOW,OECD.SDD.TPS:DSD_OLAB@DF_OIALAB_INDIC(1.1),,I,DEU,,VAC_U,,PS,,_Z,,Y,,S1,,M,,2023-05,,768000,,A,,,,0,,0,
DATAFLOW,OECD.SDD.TPS:DSD_OLAB@DF_OIALAB_INDIC(1.1),,I,DEU,,VAC_U,,PS,,_Z,,Y,,S1,,M,,2023-06,,760000,,A,,,,0,,0,
DATAFLOW,OECD.SDD.TPS:DSD_OLAB@DF_OIALAB_INDIC(1.1),,I,DEU,,VAC_U,,PS,,_Z,,Y,,S1,,M,,2023-07,,751000,,A,,,,0,,0,
DATAFLOW,OECD.SDD.TPS:DSD_OLAB@DF_OIALAB_INDIC(1.1),,I,DEU,,VAC_U,,PS,,_Z,,Y,,S1,,M,,2023-08,,742000,,A,,,,0,,0,
DATAFLOW,OECD.SDD.TPS:DSD_OLAB@DF_OIALAB_INDIC(1.1),,I,DEU,,VAC_U,,PS,,_Z,,Y,,S1,,M,,2023-09,,735000,,A,,,,0,,0,
DATAFLOW,OECD.SDD.TPS:DSD_OLAB@DF_OIALAB_INDIC(1.1),,I,DEU,,VAC_U,,PS,,_Z,,Y,,S1,,M,,2023-10,,734000,,A,,,,0,,0,
DATAFLOW,OECD.SDD.TPS:DSD_OLAB@DF_OIALAB_INDIC(1.1),,I,DEU,,VAC_U,,PS,,_Z,,Y,,S1,,M,,2023-11,,732000,,A,,,,0,,0,
DATAFLOW,OECD.SDD.TPS:DSD_OLAB@DF_OIALAB_INDIC(1.1),,I,DEU,,VAC_U,,PS,,_Z,,Y,,S1,,M,,2023-12,,736000,,A,,,,0,,0,
DATAFLOW,OECD.SDD.TPS:DSD_OLAB@DF_OIALAB_INDIC(1.1),,I,DEU,,VAC_U,,PS,,_Z,,Y,,S1,,M,,2002-02,,400000,,A,,,,0,,0,
DATAFLOW,OECD.SDD.TPS:DSD_OLAB@DF_OIALAB_INDIC(1.1),,I,DEU,,VAC_U,,PS,,_Z,,Y,,S1,,M,,2002-03,,401000,,A,,,,0,,0,
DATAFLOW,OECD.SDD.TPS:DSD_OLAB@DF_OIALAB_INDIC(1.1),,I,DEU,,VAC_U,,PS,,_Z,,Y,,S1,,M,,2002-04,,396000,,A,,,,0,,0,
DATAFLOW,OECD.SDD.TPS:DSD_OLAB@DF_OIALAB_INDIC(1.1),,I,DEU,,VAC_U,,PS,,_Z,,Y,,S1,,M,,2002-05,,392000,,A,,,,0,,0,
DATAFLOW,OECD.SDD.TPS:DSD_OLAB@DF_OIALAB_INDIC(1.1),,I,DEU,,VAC_U,,PS,,_Z,,Y,,S1,,M,,2002-06,,386000,,A,,,,0,,0,
DATAFLOW,OECD.SDD.TPS:DSD_OLAB@DF_OIALAB_INDIC(1.1),,I,DEU,,VAC_U,,PS,,_Z,,Y,,S1,,M,,2002-07,,370000,,A,,,,0,,0,
DATAFLOW,OECD.SDD.TPS:DSD_OLAB@DF_OIALAB_INDIC(1.1),,I,DEU,,VAC_U,,PS,,_Z,,Y,,S1,,M,,2002-08,,364000,,A,,,,0,,0,
DATAFLOW,OECD.SDD.TPS:DSD_OLAB@DF_OIALAB_INDIC(1.1),,I,DEU,,VAC_U,,PS,,_Z,,Y,,S1,,M,,2002-09,,351000,,A,,,,0,,0,
DATAFLOW,OECD.SDD.TPS:DSD_OLAB@DF_OIALAB_INDIC(1.1),,I,DEU,,VAC_U,,PS,,_Z,,Y,,S1,,M,,2002-10,,343000,,A,,,,0,,0,
DATAFLOW,OECD.SDD.TPS:DSD_OLAB@DF_OIALAB_INDIC(1.1),,I,DEU,,VAC_U,,PS,,_Z,,Y,,S1,,M,,2002-11,,333000,,A,,,,0,,0,
DATAFLOW,OECD.SDD.TPS:DSD_OLAB@DF_OIALAB_INDIC(1.1),,I,DEU,,VAC_U,,PS,,_Z,,Y,,S1,,M,,2002-12,,324000,,A,,,,0,,0,
DATAFLOW,OECD.SDD.TPS:DSD_OLAB@DF_OIALAB_INDIC(1.1),,I,DEU,,VAC_U,,PS,,_Z,,Y,,S1,,M,,2003-01,,315000,,A,,,,0,,0,
DATAFLOW,OECD.SDD.TPS:DSD_OLAB@DF_OIALAB_INDIC(1.1),,I,DEU,,VAC_U,,PS,,_Z,,Y,,S1,,M,,2003-02,,303000,,A,,,,0,,0,
DATAFLOW,OECD.SDD.TPS:DSD_OLAB@DF_OIALAB_INDIC(1.1),,I,DEU,,VAC_U,,PS,,_Z,,Y,,S1,,M,,2003-03,,293000,,A,,,,0,,0,
DATAFLOW,OECD.SDD.TPS:DSD_OLAB@DF_OIALAB_INDIC(1.1),,I,DEU,,VAC_U,,PS,,_Z,,Y,,S1,,M,,2003-04,,286000,,A,,,,0,,0,
DATAFLOW,OECD.SDD.TPS:DSD_OLAB@DF_OIALAB_INDIC(1.1),,I,DEU,,VAC_U,,PS,,_Z,,Y,,S1,,M,,2003-05,,270000,,A,,,,0,,0,
DATAFLOW,OECD.SDD.TPS:DSD_OLAB@DF_OIALAB_INDIC(1.1),,I,DEU,,VAC_U,,PS,,_Z,,Y,,S1,,M,,2001-11,,399000,,A,,,,0,,0,
DATAFLOW,OECD.SDD.TPS:DSD_OLAB@DF_OIALAB_INDIC(1.1),,I,DEU,,VAC_U,,PS,,_Z,,Y,,S1,,M,,2001-12,,393000,,A,,,,0,,0,
DATAFLOW,OECD.SDD.TPS:DSD_OLAB@DF_OIALAB_INDIC(1.1),,I,DEU,,VAC_U,,PS,,_Z,,Y,,S1,,M,,2002-01,,395000,,A,,,,0,,0,
DATAFLOW,OECD.SDD.TPS:DSD_OLAB@DF_OIALAB_INDIC(1.1),,I,DEU,,VAC_U,,PS,,_Z,,Y,,S1,,M,,1993-01,,262262.3,,A,,,,0,,0,
DATAFLOW,OECD.SDD.TPS:DSD_OLAB@DF_OIALAB_INDIC(1.1),,I,DEU,,VAC_U,,PS,,_Z,,Y,,S1,,M,,1993-02,,243282.8,,A,,,,0,,0,
DATAFLOW,OECD.SDD.TPS:DSD_OLAB@DF_OIALAB_INDIC(1.1),,I,DEU,,VAC_U,,PS,,_Z,,Y,,S1,,M,,1993-03,,242420.1,,A,,,,0,,0,
DATAFLOW,OECD.SDD.TPS:DSD_OLAB@DF_OIALAB_INDIC(1.1),,I,DEU,,VAC_U,,PS,,_Z,,Y,,S1,,M,,1993-04,,241557.4,,A,,,,0,,0,
DATAFLOW,OECD.SDD.TPS:DSD_OLAB@DF_OIALAB_INDIC(1.1),,I,DEU,,VAC_U,,PS,,_Z,,Y,,S1,,M,,2003-07,,258000,,A,,,,0,,0,
DATAFLOW,OECD.SDD.TPS:DSD_OLAB@DF_OIALAB_INDIC(1.1),,I,DEU,,VAC_U,,PS,,_Z,,Y,,S1,,M,,2003-08,,259000,,A,,,,0,,0,
DATAFLOW,OECD.SDD.TPS:DSD_OLAB@DF_OIALAB_INDIC(1.1),,I,DEU,,VAC_U,,PS,,_Z,,Y,,S1,,M,,2003-09,,244000,,A,,,,0,,0,
DATAFLOW,OECD.SDD.TPS:DSD_OLAB@DF_OIALAB_INDIC(1.1),,I,DEU,,VAC_U,,PS,,_Z,,Y,,S1,,M,,2003-10,,238000,,A,,,,0,,0,
DATAFLOW,OECD.SDD.TPS:DSD_OLAB@DF_OIALAB_INDIC(1.1),,I,DEU,,VAC_U,,PS,,_Z,,Y,,S1,,M,,2003-11,,234000,,A,,,,0,,0,
DATAFLOW,OECD.SDD.TPS:DSD_OLAB@DF_OIALAB_INDIC(1.1),,I,DEU,,VAC_U,,PS,,_Z,,Y,,S1,,M,,2003-12,,227000,,A,,,,0,,0,
DATAFLOW,OECD.SDD.TPS:DSD_OLAB@DF_OIALAB_INDIC(1.1),,I,DEU,,VAC_U,,PS,,_Z,,Y,,S1,,M,,2004-01,,220000,,A,,,,0,,0,
DATAFLOW,OECD.SDD.TPS:DSD_OLAB@DF_OIALAB_INDIC(1.1),,I,DEU,,VAC_U,,PS,,_Z,,Y,,S1,,M,,2004-02,,214000,,A,,,,0,,0,
DATAFLOW,OECD.SDD.TPS:DSD_OLAB@DF_OIALAB_INDIC(1.1),,I,DEU,,VAC_U,,PS,,_Z,,Y,,S1,,M,,2004-03,,205000,,A,,,,0,,0,
DATAFLOW,OECD.SDD.TPS:DSD_OLAB@DF_OIALAB_INDIC(1.1),,I,DEU,,VAC_U,,PS,,_Z,,Y,,S1,,M,,2004-04,,201000,,A,,,,0,,0,
DATAFLOW,OECD.SDD.TPS:DSD_OLAB@DF_OIALAB_INDIC(1.1),,I,DEU,,VAC_U,,PS,,_Z,,Y,,S1,,M,,2014-05,,478000,,A,,,,0,,0,
DATAFLOW,OECD.SDD.TPS:DSD_OLAB@DF_OIALAB_INDIC(1.1),,I,DEU,,VAC_U,,PS,,_Z,,Y,,S1,,M,,1995-12,,271752.1,,A,,,,0,,0,
DATAFLOW,OECD.SDD.TPS:DSD_OLAB@DF_OIALAB_INDIC(1.1),,I,DEU,,VAC_U,,PS,,_Z,,Y,,S1,,M,,1996-01,,282967.2,,A,,,,0,,0,
DATAFLOW,OECD.SDD.TPS:DSD_OLAB@DF_OIALAB_INDIC(1.1),,I,DEU,,VAC_U,,PS,,_Z,,Y,,S1,,M,,1996-02,,280379.1,,A,,,,0,,0,
DATAFLOW,OECD.SDD.TPS:DSD_OLAB@DF_OIALAB_INDIC(1.1),,I,DEU,,VAC_U,,PS,,_Z,,Y,,S1,,M,,1996-03,,287280.8,,A,,,,0,,0,
DATAFLOW,OECD.SDD.TPS:DSD_OLAB@DF_OIALAB_INDIC(1.1),,I,DEU,,VAC_U,,PS,,_Z,,Y,,S1,,M,,1996-04,,287280.8,,A,,,,0,,0,
DATAFLOW,OECD.SDD.TPS:DSD_OLAB@DF_OIALAB_INDIC(1.1),,I,DEU,,VAC_U,,PS,,_Z,,Y,,S1,,M,,1996-05,,285555.3,,A,,,,0,,0,
DATAFLOW,OECD.SDD.TPS:DSD_OLAB@DF_OIALAB_INDIC(1.1),,I,DEU,,VAC_U,,PS,,_Z,,Y,,S1,,M,,1996-06,,286418,,A,,,,0,,0,
DATAFLOW,OECD.SDD.TPS:DSD_OLAB@DF_OIALAB_INDIC(1.1),,I,DEU,,VAC_U,,PS,,_Z,,Y,,S1,,M,,1996-07,,281241.8,,A,,,,0,,0,
DATAFLOW,OECD.SDD.TPS:DSD_OLAB@DF_OIALAB_INDIC(1.1),,I,DEU,,VAC_U,,PS,,_Z,,Y,,S1,,M,,1999-11,,418411.9,,B,,,,0,,0,
DATAFLOW,OECD.SDD.TPS:DSD_OLAB@DF_OIALAB_INDIC(1.1),,I,DEU,,VAC_U,,PS,,_Z,,Y,,S1,,M,,2014-07,,488000,,A,,,,0,,0,
DATAFLOW,OECD.SDD.TPS:DSD_OLAB@DF_OIALAB_INDIC(1.1),,I,DEU,,VAC_U,,PS,,_Z,,Y,,S1,,M,,2014-08,,498000,,A,,,,0,,0,
DATAFLOW,OECD.SDD.TPS:DSD_OLAB@DF_OIALAB_INDIC(1.1),,I,DEU,,VAC_U,,PS,,_Z,,Y,,S1,,M,,2014-09,,504000,,A,,,,0,,0,
DATAFLOW,OECD.SDD.TPS:DSD_OLAB@DF_OIALAB_INDIC(1.1),,I,DEU,,VAC_U,,PS,,_Z,,Y,,S1,,M,,2014-10,,507000,,A,,,,0,,0,
DATAFLOW,OECD.SDD.TPS:DSD_OLAB@DF_OIALAB_INDIC(1.1),,I,DEU,,VAC_U,,PS,,_Z,,Y,,S1,,M,,2014-11,,514000,,A,,,,0,,0,
DATAFLOW,OECD.SDD.TPS:DSD_OLAB@DF_OIALAB_INDIC(1.1),,I,DEU,,VAC_U,,PS,,_Z,,Y,,S1,,M,,2014-12,,521000,,A,,,,0,,0,
DATAFLOW,OECD.SDD.TPS:DSD_OLAB@DF_OIALAB_INDIC(1.1),,I,DEU,,VAC_U,,PS,,_Z,,Y,,S1,,M,,2015-01,,525000,,A,,,,0,,0,
